{
    "materials": [{
        "wireframe": false,
        "mapDiffuseWrap": ["RepeatWrapping","RepeatWrapping"],
        "blending": "NormalBlending",
        "DbgIndex": 0,
        "specularCoef": 50,
        "shading": "phong",
        "DbgColor": 15658734,
        "mapDiffuseAnisotropy": 1,
        "colorSpecular": [0.5,0.5,0.5],
        "transparent": false,
        "colorDiffuse": [0.64,0.64,0.64],
        "DbgName": "Material",
        "mapDiffuse": "maisonNormal1.png",
        "colorEmissive": [0,0,0],
        "mapDiffuseRepeat": [1,1],
        "visible": true,
        "opacity": 1,
        "depthTest": true,
        "depthWrite": true
    }],
    "faces": [43,0,1,2,3,0,0,1,2,3,0,1,2,3,43,9,5,14,10,0,4,5,6,7,4,5,6,4,43,0,4,5,1,0,8,9,10,11,0,7,5,1,42,2,1,5,0,16,12,13,2,1,5,42,5,9,6,0,13,14,15,5,4,8,42,5,6,2,0,13,15,16,5,8,2,43,2,6,7,3,0,17,18,19,20,2,8,9,3,42,8,4,0,0,25,21,22,10,7,0,42,0,3,7,0,22,23,24,0,3,9,42,0,7,8,0,22,24,25,0,9,10,43,8,7,21,20,0,26,27,28,29,10,9,11,10,43,13,12,22,23,0,30,31,32,33,12,13,14,15,43,4,8,20,24,0,34,26,29,35,7,10,10,16,43,27,17,16,26,0,36,37,38,39,17,18,1,0,43,21,11,19,29,0,40,41,42,43,11,19,2,3,42,13,11,10,0,49,44,45,12,19,4,42,10,14,15,0,45,46,47,4,6,20,42,12,13,10,0,48,49,45,13,12,4,42,10,15,12,0,45,47,48,4,20,13,43,15,14,16,17,0,47,46,38,37,20,6,1,18,43,11,13,18,19,0,44,49,50,51,19,12,21,2,43,6,9,10,11,0,52,4,7,53,8,4,4,19,43,29,19,18,28,0,54,51,50,55,3,2,21,22,43,24,25,27,26,0,56,57,36,39,16,23,17,0,43,23,21,29,28,0,58,59,54,55,15,11,3,22,42,25,24,20,0,57,56,60,23,16,10,42,20,21,23,0,60,59,58,10,11,15,42,22,25,20,0,61,57,60,14,23,10,42,20,23,22,0,60,58,61,10,15,14,43,25,15,17,27,0,62,63,64,65,23,20,18,17,43,13,23,28,18,0,30,33,66,67,12,15,22,21,43,26,16,14,24,0,68,69,70,71,0,1,6,16,43,25,22,12,15,0,62,72,73,63,23,14,13,20],
    "vertices": [0.540104,-0.028085,-0.921894,0.540104,-0.028085,0.979018,-0.540104,-0.028085,0.979017,-0.540103,-0.028085,-0.921894,0.540104,1.05212,-0.921894,0.540103,1.05212,0.979018,-0.540104,1.05212,0.979017,-0.540104,1.05212,-0.921894,0,1.68404,-0.921894,-0,1.68404,0.979017,-0,1.68404,1.08704,-0.540104,1.05212,1.08704,-0,1.73673,1.08704,-0.540104,1.10613,1.08704,0.540103,1.05212,1.08704,0.540103,1.10613,1.08704,0.648124,1.05212,1.08704,0.648124,1.10806,1.08704,-0.648124,1.10806,1.08704,-0.648124,1.05212,1.08704,0,1.68404,-1.02991,-0.540104,1.05212,-1.02991,0,1.73673,-1.02991,-0.540104,1.10613,-1.02991,0.540104,1.05212,-1.02991,0.540104,1.10613,-1.02991,0.648124,1.05212,-1.02991,0.648124,1.10806,-1.02991,-0.648124,1.10806,-1.02991,-0.648124,1.05212,-1.02991],
    "normals": [0.577349,-0.577349,-0.577349,0.577349,-0.577349,0.577349,-0.577349,-0.577349,0.577349,-0.577349,-0.577349,-0.577349,0,-0.821925,0.569567,0.14127,-0.382733,0.912961,-0.327036,-0.709738,0.62392,0.14127,-0.382733,-0.912961,-0.14127,-0.382733,0.912961,-0.14127,-0.382733,-0.912961,0,-0.821925,-0.569567,0.327036,-0.709738,-0.62392,-0.236549,0.526383,0.816645,0,0.821863,0.569659,0,0.821863,-0.569659,-0.236549,0.526383,-0.816645,-0.327036,-0.709738,-0.62392,0.572619,0.582934,-0.576403,0.572619,0.582934,0.576403,0.327036,-0.709738,0.62392,0.236549,0.526383,0.816645,-0.572619,0.582934,0.576403,-0.572619,0.582934,-0.576403,0.236549,0.526383,-0.816645],
    "uvs": [[0.698493,-0.313274,0.340655,-0.313274,0.340655,-0.516618,0.698493,-0.516618,0.24226,0.247336,0.135828,0.132619,0.150735,0.118789,0.257166,0.233506,0.417836,0.175936,0.58901,0.175936,0.58901,0.477162,0.417836,0.477162,0.416672,0.476016,0.587846,0.476016,0.687983,0.561603,0.587846,0.64719,0.416672,0.64719,0.416469,0.646731,0.587643,0.646731,0.587643,0.947957,0.416469,0.947957,0.587974,0.174416,0.4168,0.174416,0.416801,0.003242,0.587974,0.003242,0.688111,0.088829,0.241874,0.247693,0.348306,0.362411,0.333399,0.376242,0.226967,0.261523,0.832854,0.015735,0.98915,0.015735,0.98915,0.414241,0.832854,0.414241,0.135443,0.132976,0.120536,0.146806,0.013904,0.029928,0.037742,0.447821,0.026612,0.455484,0.000263,0.022567,0.061976,0.084458,0.333014,0.376599,0.318107,0.390429,0.047069,0.098289,0.357,0.473043,0.201697,0.398323,0.049765,0.473043,0.056108,0.461872,0.201671,0.390586,0.350257,0.461526,0.368865,0.446756,0.38139,0.454695,0.348691,0.362054,0.363598,0.348224,0.398605,0.021733,0.386422,0.028886,0.024689,0.000263,0.033002,0.01219,0.367506,0.011882,0.375407,0.00029,0.201612,0.068692,0.201632,0.076933,0.832752,0.421806,0.832751,0.820312,0.812414,0.820312,0.812413,0.421806,0.812516,0.414241,0.812517,0.015734,0.046686,0.098648,0.317722,0.390786,0.302815,0.404616,0.031779,0.112478,0.989047,0.421806,0.989047,0.820312]],
    "metadata": {
        "normals": 24,
        "faces": 33,
        "vertices": 30,
        "materials": 1,
        "uvs": 1,
        "generator": "io_three",
        "version": 3,
        "type": "Geometry"
    },
    "name": "CubeGeometry.1"
}