{
    "faces": [43,0,1,2,3,0,0,1,2,3,0,1,2,3,43,4,7,6,5,0,4,5,6,7,4,5,6,7,43,0,4,5,1,0,8,9,10,11,0,4,7,1,43,1,5,6,2,0,12,13,14,15,1,7,6,2,43,2,6,7,3,0,16,17,18,19,2,6,5,3,43,4,0,3,7,0,20,21,22,23,4,0,3,5],
    "materials": [{
        "colorSpecular": [0.5,0.5,0.5],
        "mapDiffuse": "appartement1.png",
        "colorEmissive": [0,0,0],
        "visible": true,
        "mapDiffuseAnisotropy": 1,
        "wireframe": false,
        "shading": "phong",
        "DbgName": "Material",
        "DbgIndex": 0,
        "mapDiffuseWrap": ["RepeatWrapping","RepeatWrapping"],
        "depthTest": true,
        "DbgColor": 15658734,
        "specularCoef": 50,
        "mapDiffuseRepeat": [1,1],
        "opacity": 1,
        "colorDiffuse": [0.64,0.64,0.64],
        "blending": "NormalBlending",
        "depthWrite": true,
        "transparent": false
    }],
    "vertices": [0.787436,-0.024556,-0.787436,0.787436,-0.024556,0.787436,-0.787436,-0.024556,0.787436,-0.787436,-0.024556,-0.787436,0.787436,3.99148,-0.787436,0.787435,3.99148,0.787436,-0.787436,3.99148,0.787435,-0.787436,3.99148,-0.787436],
    "normals": [0.577349,-0.577349,-0.577349,0.577349,-0.577349,0.577349,-0.577349,-0.577349,0.577349,-0.577349,-0.577349,-0.577349,0.577349,0.577349,-0.577349,-0.577349,0.577349,-0.577349,-0.577349,0.577349,0.577349,0.577349,0.577349,0.577349],
    "uvs": [[1.41776,1.80463,1.16818,1.80463,1.16818,1.55505,1.41776,1.55505,0.249791,0.88666,0.000209,0.88666,0.000209,0.637079,0.24979,0.637079,0.749791,0.000209,0.749791,0.425722,0.50021,0.425722,0.500209,0.000209,0.499791,0.000209,0.499791,0.425722,0.25021,0.425722,0.250209,0.000209,0.999791,0.000209,0.999791,0.425722,0.750209,0.425722,0.750209,0.000209,0.000209,0.425722,0.000209,0.000209,0.249791,0.000209,0.249791,0.425722]],
    "metadata": {
        "type": "Geometry",
        "version": 3,
        "uvs": 1,
        "generator": "io_three",
        "materials": 1,
        "faces": 6,
        "normals": 8,
        "vertices": 8
    },
    "name": "CubeGeometry.3"
}