{
    "metadata": {
        "uvs": 0,
        "type": "Geometry",
        "normals": 77,
        "version": 3,
        "vertices": 77,
        "generator": "io_three",
        "faces": 91
    },
    "uvs": [],
    "normals": [-0.566332,-0.552202,-0.611774,0.583514,-0.609546,-0.536576,0.589496,-0.609729,0.529801,-0.559252,-0.563128,0.608356,-0.601764,-0.566393,-0.563036,-0.579943,-0.571673,0.58034,0.643208,0.48558,-0.591998,-0.55269,0.526048,-0.646352,-0.444716,0.745048,0.497055,0.661946,0.484298,0.572069,-0.843165,0.361339,-0.398053,-0.852992,0.404096,0.330271,-0.999969,0.004456,-0.00528,0.875423,0.478256,0.069491,-0.957945,-0.281533,0.055147,-0.945585,0.226722,-0.233314,-0.859951,0.349406,0.371929,-0.837825,-0.42671,0.340465,-0.764824,-0.435591,-0.474593,-0.871456,-0.348247,0.345317,-0.684622,-0.528123,-0.502304,-0.998871,-0.047151,-0.000214,-0.906796,-0.30961,0.285989,-0.673696,-0.551134,-0.492264,-0.795923,0.436232,-0.419691,-0.679647,-0.098544,0.726859,-0.553392,-0.616627,0.559893,-0.68572,-0.727134,0.03238,-0.582629,0.591449,-0.55736,-0.577258,-0.563372,-0.591052,-0.56917,-0.586963,0.575701,-0.58034,0.566942,0.584582,-0.582598,-0.587329,-0.561754,0.018952,-0.999786,0.006592,-0.007599,-0.722617,-0.691183,-0.555528,0.550035,0.623554,-0.81988,0.249031,-0.515488,-0.034944,0.701956,-0.711325,0.010498,0.662465,0.748985,0.032624,-0.118076,0.992462,0.034333,-0.748161,0.662618,0.976409,0.199591,0.082186,0.029359,0.267373,0.963134,-0.026978,-0.413129,0.910245,-0.975127,-0.221381,0.01059,0.992889,-0.102542,0.06003,0.053713,-0.997406,-0.047609,-0.999146,-0.015534,0.037904,-0.084384,0.040773,0.995575,0.285379,0.369152,0.884426,0.269784,-0.681509,0.680227,-0.131108,-0.916471,-0.377972,-0.344798,0.749779,-0.564684,0.154668,0.662801,0.732597,0.171545,-0.675405,0.717154,0.218848,0.030549,0.975249,0.173742,-0.663442,0.727744,-0.132725,-0.755699,-0.641316,-0.161687,0.724448,-0.670034,0.009033,-0.999573,-0.027345,-0.750053,0.259835,0.608142,0.064302,0.779809,-0.6227,0.149846,0.717032,0.680715,-0.037843,-0.65804,0.752007,-0.144414,-0.640309,-0.754387,-0.577288,-0.571764,-0.582904,-0.565416,-0.585986,0.580401,-0.431104,0.376812,-0.819819,-0.576128,0.543992,0.610004,-0.787286,-0.285165,0.546617,-0.585894,-0.599597,-0.545122,0.000855,-0.725639,-0.68804,-0.006348,0.412183,-0.911069,-0.004364,-0.02179,-0.999725,0.006531,-0.475356,0.879727,0.00473,-0.047243,0.998871,-0.000519,0.694754,0.71923],
    "vertices": [0.765366,-0.081821,-0.764068,0.77702,-0.081821,0.869335,-0.573802,-0.081821,1.08864,-0.575367,-0.027522,-0.983376,0.763801,5.47311,-0.983375,0.778585,5.47311,1.08864,-0.573802,6.13065,1.08864,-0.733885,5.42523,-0.983376,-0.602672,2.7086,0.228077,0.064606,2.72112,0.20763,0.074264,2.32733,0.160459,0.081099,2.72158,0.57414,-0.719697,5.16403,-0.799739,-0.588891,5.134,0.893342,-0.586561,4.66183,0.923506,-0.58918,3.46064,0.900659,-0.587847,2.95996,0.898081,-0.66311,3.08906,-0.687162,-0.713344,4.71862,-0.798491,-0.698907,4.38058,-0.748141,-0.585774,4.33879,0.815305,-0.584276,3.78449,0.844951,-0.574439,3.5683,0.840809,-0.678221,3.56178,-0.744738,-0.648369,3.19672,-0.747012,-0.680831,3.84303,-0.735349,-0.671765,3.51437,-0.754558,-0.583378,3.44822,0.847399,-0.582045,2.94754,0.844821,-0.662826,3.63445,-0.761148,-0.453728,4.40205,-0.869336,-0.657308,3.07664,-0.740423,-0.645541,2.72174,-0.714952,-0.616477,2.71308,-0.075425,-0.597905,2.03274,-0.115067,-0.340594,4.36026,0.69411,-0.593015,2.31481,0.180906,-0.586179,2.70906,0.594587,-0.625611,2.06648,-0.707799,0.085876,2.72519,0.848925,0.087545,2.10161,0.856707,0.079859,2.09913,0.133124,-0.677567,3.52679,-0.701298,-0.581403,2.71268,0.869373,-0.579734,2.08909,0.877154,-0.587419,2.08661,0.153572,-0.339096,3.80596,0.723756,-0.435651,3.8645,-0.856544,-0.41363,5.16868,-0.868573,-0.282824,5.13866,0.824508,-0.280494,4.66648,0.854673,-0.407277,4.72328,-0.867325,-0.147661,4.40671,-0.93817,-0.034527,4.36492,0.625276,-0.129584,3.86916,-0.925378,-0.027041,2.63497,-0.759728,0.002023,2.62631,-0.120201,0.020595,1.94598,-0.159843,-0.007111,1.97971,-0.752575,-0.574305,-0.064379,0.423075,-0.57471,-0.050325,-0.113223,-0.192912,0.723172,0.447264,-0.197631,0.73692,-0.119951,-0.218909,1.26659,-0.726498,-0.193847,1.18919,0.895078,-0.195427,1.76911,0.844589,-0.234846,1.80597,-0.721983,-0.618316,1.80388,-0.720255,-0.578897,1.76702,0.846317,-0.577316,1.1871,0.896806,-0.602379,1.2645,-0.72477,-0.19124,-0.048234,-0.11495,-0.190835,-0.062289,0.421348,-0.196264,2.09118,0.875426,-0.242142,2.06857,-0.709526,-0.5811,0.734829,-0.118223,-0.576382,0.721081,0.448992],
    "faces": [32,3,0,1,0,1,2,32,1,2,59,2,3,4,32,59,60,3,4,5,0,32,1,59,3,2,4,0,33,4,7,6,5,6,7,8,9,33,0,4,5,1,1,6,9,2,33,1,5,6,2,2,9,8,3,32,21,25,26,10,11,12,32,27,28,14,13,14,15,32,21,26,27,10,12,13,32,27,14,21,13,15,10,33,4,0,3,7,6,1,0,7,32,14,18,19,15,16,17,32,20,21,14,18,10,15,32,19,20,14,17,18,15,32,6,7,12,8,7,19,32,13,14,6,20,15,8,32,6,12,13,8,19,20,32,28,31,32,14,21,22,32,33,34,36,23,24,25,32,28,32,33,14,22,23,32,8,37,28,26,27,14,32,33,36,8,23,25,26,32,33,8,28,23,26,14,33,72,61,62,71,28,29,30,31,33,43,37,11,39,32,27,33,34,33,45,44,40,41,35,36,37,38,33,8,36,10,9,26,25,39,40,33,36,45,41,10,25,35,38,39,33,37,8,9,11,27,26,40,33,33,44,43,39,40,36,32,34,37,33,27,26,42,15,13,12,41,42,33,31,28,16,17,21,14,43,44,33,28,27,15,16,14,13,42,43,33,26,31,17,42,12,21,44,41,33,15,42,29,22,42,41,45,46,33,17,16,23,24,44,43,47,48,33,16,15,22,23,43,42,46,47,33,42,17,24,29,41,44,48,45,33,19,25,47,30,17,11,49,50,33,21,20,35,46,10,18,51,52,33,25,21,46,47,11,10,52,49,33,20,19,30,35,18,17,50,51,33,12,18,51,48,19,16,53,54,33,30,47,54,52,50,49,55,56,33,14,13,49,50,15,20,57,58,33,18,14,50,51,16,15,58,53,33,35,30,52,53,51,50,56,59,33,13,12,48,49,20,19,54,57,33,38,34,57,58,60,24,61,62,33,33,32,55,56,23,22,63,64,33,32,38,58,55,22,60,62,63,33,34,33,56,57,24,23,64,61,32,2,6,14,3,8,15,32,76,59,2,65,4,3,32,3,60,75,0,5,66,32,28,37,43,14,27,32,32,12,7,3,19,7,0,32,14,28,43,15,14,32,32,18,12,3,16,19,0,32,2,14,43,3,15,32,32,19,18,3,17,16,0,32,2,43,44,3,32,36,32,25,19,3,11,17,0,32,2,44,69,3,36,67,32,26,25,3,12,11,0,32,76,2,69,65,3,67,32,31,26,3,21,12,0,32,75,76,69,66,65,67,32,32,31,3,22,21,0,32,75,69,70,66,67,68,32,38,32,3,60,22,0,32,3,75,70,0,66,68,32,67,38,3,69,60,0,32,70,67,3,68,69,0,32,34,38,67,24,60,69,32,68,69,44,70,67,36,32,34,67,68,24,69,70,32,45,36,34,35,25,24,32,68,44,45,70,36,35,32,68,45,34,70,35,24,33,69,68,65,64,67,70,71,72,33,69,44,73,64,67,36,73,72,33,75,60,71,62,66,5,31,30,33,38,67,66,74,60,69,74,75,33,70,69,64,63,68,67,72,76,33,76,75,62,61,65,66,30,29,33,68,67,66,65,70,69,74,71,33,60,59,72,71,5,4,28,31,33,67,70,63,66,69,68,76,74,33,59,76,61,72,4,65,29,28],
    "name": "CubeGeometry.2"
}