{
    "materials": [{
        "specularCoef": 50,
        "visible": true,
        "DbgName": "Material",
        "mapDiffuseWrap": ["RepeatWrapping","RepeatWrapping"],
        "shading": "phong",
        "DbgIndex": 0,
        "transparent": false,
        "mapDiffuseAnisotropy": 1,
        "colorDiffuse": [0.64,0.64,0.64],
        "mapDiffuseRepeat": [1,1],
        "blending": "NormalBlending",
        "mapDiffuse": "entreprise1.png",
        "depthWrite": true,
        "depthTest": true,
        "DbgColor": 15658734,
        "wireframe": false,
        "colorEmissive": [0,0,0],
        "colorSpecular": [0.5,0.5,0.5],
        "opacity": 1
    }],
    "faces": [43,0,1,2,3,0,0,1,2,3,0,1,2,3,43,4,7,6,5,0,4,5,6,7,4,5,6,7,43,0,4,5,1,0,8,9,10,11,0,4,7,1,43,1,5,6,2,0,12,13,14,15,1,7,6,2,43,2,6,7,3,0,16,17,18,19,2,6,5,3,43,4,0,3,7,0,20,21,22,23,4,0,3,5],
    "name": "CubeGeometry.1",
    "metadata": {
        "materials": 1,
        "generator": "io_three",
        "uvs": 1,
        "faces": 6,
        "version": 3,
        "type": "Geometry",
        "vertices": 8,
        "normals": 8
    },
    "vertices": [0.733486,-0.017523,-0.733486,0.733486,-0.017523,0.733486,-0.733486,-0.017523,0.733486,-0.733486,-0.017523,-0.733486,0.733486,4.42834,-0.733486,0.733486,4.42834,0.733486,-0.733486,4.42834,0.733486,-0.733486,4.42834,-0.733486],
    "normals": [0.577349,-0.577349,-0.577349,0.577349,-0.577349,0.577349,-0.577349,-0.577349,0.577349,-0.577349,-0.577349,-0.577349,0.577349,0.577349,-0.577349,-0.577349,0.577349,-0.577349,-0.577349,0.577349,0.577349,0.577349,0.577349,0.577349],
    "uvs": [[1.36975,1.88259,1.12187,1.88259,1.12187,1.63471,1.36975,1.63471,0.248102,0.999778,0.000222,0.999778,0.000222,0.751899,0.248101,0.751899,0.248101,0.000222,0.248101,0.717208,0.000222,0.717208,0.000222,0.000222,0.496425,0.000222,0.496425,0.717208,0.248546,0.717208,0.248546,0.000222,0.744749,0.000222,0.744749,0.717208,0.496869,0.717208,0.496869,0.000222,0.745193,0.717208,0.745193,0.000222,0.993072,0.000222,0.993072,0.717208]]
}