{
    "metadata": {
        "version": 3,
        "uvs": 1,
        "vertices": 40,
        "type": "Geometry",
        "faces": 30,
        "normals": 24,
        "generator": "io_three",
        "materials": 1
    },
    "materials": [{
        "shading": "phong",
        "colorEmissive": [0,0,0],
        "mapDiffuse": "wood_balancoir2.jpg",
        "wireframe": false,
        "colorDiffuse": [0.64,0.64,0.64],
        "DbgIndex": 0,
        "specularCoef": 50,
        "blending": "NormalBlending",
        "opacity": 1,
        "DbgColor": 15658734,
        "depthTest": true,
        "mapDiffuseWrap": ["RepeatWrapping","RepeatWrapping"],
        "colorSpecular": [0.5,0.5,0.5],
        "transparent": false,
        "DbgName": "struture",
        "visible": true,
        "mapDiffuseRepeat": [1,1],
        "mapDiffuseAnisotropy": 1,
        "depthWrite": true
    }],
    "name": "CubeGeometry",
    "uvs": [[0.972467,0.079171,0.910331,0.079171,0.910331,0.017034,0.972467,0.017034,0.91033,0.096687,0.972467,0.096687,0.972467,0.158823,0.91033,0.158823,0.062618,0.285987,0.062618,0.917759,0.000482,0.917759,0.000482,0.285987,0.813818,0.298139,0.813818,0.929913,0.752882,0.917761,0.752882,0.285987,0.188818,0.285987,0.188818,0.917758,0.126682,0.917758,0.126682,0.285987,0.876682,0.929912,0.876682,0.298139,0.937618,0.285987,0.937618,0.91776,0.378118,0.980858,0.315981,0.980858,0.315981,0.918722,0.378118,0.918722,0.910335,0.222887,0.972472,0.222887,0.972471,0.285023,0.910335,0.285023,0.125718,0.285987,0.125718,0.917758,0.063582,0.917758,0.063582,0.285987,0.875718,0.285987,0.875718,0.917759,0.814782,0.929912,0.814782,0.298139,0.378118,0.285987,0.378118,0.917757,0.315981,0.917757,0.315981,0.285987,0.629082,0.917762,0.629083,0.285987,0.690018,0.298139,0.690018,0.929914,0.251918,0.980858,0.189782,0.980858,0.189782,0.918722,0.251918,0.918722,0.315018,0.918723,0.315018,0.980859,0.252882,0.980859,0.252882,0.918723,0.251918,0.285987,0.251918,0.917759,0.189782,0.917759,0.189782,0.285987,0.999518,0.285987,0.999518,0.917759,0.938582,0.929911,0.938582,0.298139,0.504317,0.285987,0.504317,0.917759,0.442181,0.917759,0.442181,0.285987,0.690982,0.917762,0.690983,0.285987,0.751918,0.298139,0.751918,0.929914,0.972466,0.221923,0.91033,0.221923,0.91033,0.159787,0.972466,0.159787,0.504317,0.918723,0.504317,0.980859,0.442181,0.980859,0.442181,0.918723,0.315018,0.285987,0.315018,0.917759,0.252882,0.917759,0.252882,0.285987,0.566218,0.298139,0.566218,0.929909,0.505281,0.917756,0.505282,0.285987,0.441218,0.285987,0.441218,0.917759,0.379081,0.917759,0.379082,0.285987,0.567182,0.929911,0.567181,0.298139,0.628118,0.285987,0.628119,0.917759,0.030477,0.918722,0.109166,0.918722,0.109166,0.980858,0.030477,0.980858,0.11013,0.980858,0.11013,0.918722,0.188818,0.918722,0.188818,0.980858,0.000482,0.000482,0.909368,0.000482,0.909368,0.079171,0.000482,0.079171,0.000482,0.159787,0.909372,0.159787,0.909372,0.221923,0.000482,0.221922,0.000482,0.080134,0.909367,0.080135,0.909367,0.158823,0.000482,0.158823,0.909364,0.285024,0.000482,0.285023,0.000482,0.222887,0.909365,0.222887]],
    "faces": [43,0,1,2,3,0,0,1,2,3,0,1,2,3,43,4,7,6,5,0,4,5,6,7,4,5,6,7,43,0,4,5,1,0,8,9,10,11,0,4,7,1,43,1,5,6,2,0,12,13,14,15,1,7,6,2,43,2,6,7,3,0,16,17,18,19,2,6,5,3,43,4,0,3,7,0,20,21,22,23,4,0,3,5,43,8,9,10,11,0,24,25,26,27,8,9,10,11,43,12,15,14,13,0,28,29,30,31,12,13,14,15,43,8,12,13,9,0,32,33,34,35,8,12,15,9,43,9,13,14,10,0,36,37,38,39,9,15,14,10,43,10,14,15,11,0,40,41,42,43,10,14,13,11,43,12,8,11,15,0,44,45,46,47,12,8,11,13,43,16,17,18,19,0,48,49,50,51,8,9,10,11,43,20,23,22,21,0,52,53,54,55,12,13,14,15,43,16,20,21,17,0,56,57,58,59,8,12,15,9,43,17,21,22,18,0,60,61,62,63,9,15,14,10,43,18,22,23,19,0,64,65,66,67,10,14,13,11,43,20,16,19,23,0,68,69,70,71,12,8,11,13,43,24,25,26,27,0,72,73,74,75,0,1,2,3,43,28,31,30,29,0,76,77,78,79,4,5,6,7,43,24,28,29,25,0,80,81,82,83,0,4,7,1,43,25,29,30,26,0,84,85,86,87,1,7,6,2,43,26,30,31,27,0,88,89,90,91,2,6,5,3,43,28,24,27,31,0,92,93,94,95,4,0,3,5,43,32,33,34,35,0,96,97,98,99,16,17,18,19,43,36,39,38,37,0,100,101,102,103,20,21,22,23,43,32,36,37,33,0,104,105,106,107,16,20,23,17,43,33,37,38,34,0,108,109,110,111,17,23,22,18,43,34,38,39,35,0,112,113,114,115,18,22,21,19,43,36,32,35,39,0,116,117,118,119,20,16,19,21],
    "normals": [0.756645,-0.284982,-0.588397,0.756645,-0.284982,0.588397,-0.29017,-0.770379,0.567675,-0.29017,-0.770379,-0.567675,0.29017,0.770379,-0.567675,-0.756645,0.284982,-0.588397,-0.756645,0.284982,0.588397,0.29017,0.770379,0.567675,0.29017,-0.770379,-0.567675,0.29017,-0.770379,0.567675,-0.756645,-0.284982,0.588397,-0.756645,-0.284982,-0.588397,0.756645,0.284982,-0.588397,-0.29017,0.770379,-0.567675,-0.29017,0.770379,0.567675,0.756645,0.284982,0.588397,-0.577349,-0.577319,0.577349,0.577349,-0.577319,0.577349,0.577349,0.577349,0.577319,-0.577349,0.577349,0.577319,-0.577349,-0.577349,-0.577349,-0.577349,0.577349,-0.577349,0.577349,0.577349,-0.577349,0.577349,-0.577349,-0.577349],
    "vertices": [-0.34144,-0.012192,-0.651282,-0.34144,-0.012192,-0.614841,-0.373,-0.030413,-0.614841,-0.373,-0.030413,-0.651282,-0.460368,0.338723,-0.651282,-0.460368,0.338723,-0.614841,-0.491927,0.320502,-0.614841,-0.491927,0.320502,-0.651282,-0.581514,-0.030413,-0.651283,-0.581514,-0.030413,-0.614841,-0.613073,-0.012192,-0.614841,-0.613073,-0.012192,-0.651282,-0.462587,0.320502,-0.651282,-0.462587,0.320502,-0.614841,-0.494146,0.338723,-0.614841,-0.494146,0.338723,-0.651283,-0.581514,-0.030413,-0.166698,-0.581514,-0.030413,-0.130256,-0.613073,-0.012192,-0.130256,-0.613073,-0.012192,-0.166698,-0.462587,0.320502,-0.166698,-0.462587,0.320502,-0.130256,-0.494146,0.338723,-0.130256,-0.494146,0.338723,-0.166698,-0.335369,-0.012192,-0.166698,-0.335369,-0.012192,-0.130256,-0.366928,-0.030413,-0.130256,-0.366928,-0.030413,-0.166698,-0.454296,0.338723,-0.166698,-0.454296,0.338723,-0.130256,-0.485855,0.320502,-0.130256,-0.485855,0.320502,-0.166698,-0.49738,0.307995,-0.124248,-0.451231,0.307995,-0.124248,-0.451231,0.344437,-0.124248,-0.49738,0.344437,-0.124248,-0.49738,0.307995,-0.657291,-0.451231,0.307995,-0.657291,-0.451231,0.344437,-0.657291,-0.49738,0.344437,-0.657291]
}