{
    "normals": [0,-0.68569,-0.727866,0,0,-1,0.195074,0,-0.980773,0.141972,-0.68569,-0.713889,0.382672,0,-0.923856,0.278542,-0.68569,-0.672475,0.555559,0,-0.831446,0.40437,-0.68569,-0.605213,0.707083,0,-0.707083,0.514695,-0.68569,-0.514664,0.831446,0,-0.555559,0.605213,-0.68569,-0.40437,0.923856,0,-0.382672,0.672475,-0.68569,-0.278542,0.980773,0,-0.195074,0.713889,-0.68569,-0.142003,1,0,0,0.727866,-0.68569,0,0.980773,0,0.195074,0.713889,-0.68569,0.142003,0.923856,0,0.382672,0.672475,-0.68569,0.278542,0.831446,0,0.555559,0.605213,-0.68569,0.40437,0.707083,0,0.707083,0.514664,-0.68569,0.514695,0.555559,0,0.831446,0.40437,-0.68569,0.605182,0.382672,0,0.923856,0.278542,-0.68569,0.672475,0.195074,0,0.980773,0.141972,-0.68569,0.713889,0,0,1,0,-0.68569,0.727866,-0.195074,0,0.980773,-0.141972,-0.68569,0.713889,-0.382672,0,0.923856,-0.278542,-0.68569,0.672475,-0.555559,0,0.831446,-0.40437,-0.68569,0.605182,-0.707083,0,0.707083,-0.514664,-0.68569,0.514695,-0.831446,0,0.555559,-0.605213,-0.68569,0.40437,-0.923856,0,0.382672,-0.672475,-0.68569,0.278542,-0.980773,0,0.195074,-0.713889,-0.68569,0.142003,-1,0,0,-0.727866,-0.68569,0,-0.980773,0,-0.195074,-0.713889,-0.68569,-0.142003,-0.923856,0,-0.382672,-0.672475,-0.68569,-0.278542,-0.831446,0,-0.555559,-0.605213,-0.68569,-0.40437,-0.707083,0,-0.707083,-0.514695,-0.68569,-0.514664,-0.555559,0,-0.831446,-0.40437,-0.68569,-0.605213,-0.382672,0,-0.923856,-0.278542,-0.68569,-0.672475,0.605213,0.68569,-0.40437,0.672475,0.68569,-0.278542,-0.141972,-0.68569,-0.713889,-0.195074,0,-0.980773,0.278542,0.68569,-0.672475,0.142003,0.68569,-0.713889,0,0.68569,-0.727866,-0.142003,0.68569,-0.713889,-0.278542,0.68569,-0.672475,-0.40437,0.68569,-0.605213,-0.514664,0.68569,-0.514664,-0.605213,0.68569,-0.40437,-0.672475,0.68569,-0.278542,-0.713889,0.68569,-0.142003,-0.727866,0.68569,0,-0.713889,0.68569,0.142003,-0.672475,0.68569,0.278542,-0.605213,0.68569,0.40437,-0.514664,0.68569,0.514664,-0.40437,0.68569,0.605213,-0.278542,0.68569,0.672475,-0.141972,0.68569,0.713889,0,0.68569,0.727866,0.141972,0.68569,0.713889,0.278542,0.68569,0.672475,0.40437,0.68569,0.605213,0.514695,0.68569,0.514664,0.605213,0.68569,0.40437,0.672475,0.68569,0.278542,0.713889,0.68569,0.142003,0.727866,0.68569,0,0.713889,0.68569,-0.142003,0.514695,0.68569,-0.514664,0.40437,0.68569,-0.605213],
    "vertices": [0.528797,-0.055952,0.484486,0.528797,0.255045,0.484486,0.531224,-0.055952,0.484725,0.531224,0.255045,0.484725,0.533558,-0.055952,0.485433,0.533558,0.255045,0.485433,0.535708,-0.055952,0.486582,0.535708,0.255045,0.486582,0.537593,-0.055952,0.488129,0.537593,0.255045,0.488129,0.53914,-0.055952,0.490014,0.53914,0.255045,0.490014,0.540289,-0.055952,0.492165,0.540289,0.255045,0.492165,0.540997,-0.055952,0.494498,0.540997,0.255045,0.494498,0.541236,-0.055952,0.496925,0.541236,0.255045,0.496925,0.540997,-0.055952,0.499352,0.540997,0.255045,0.499352,0.540289,-0.055952,0.501685,0.540289,0.255045,0.501685,0.53914,-0.055952,0.503836,0.53914,0.255045,0.503836,0.537593,-0.055952,0.505721,0.537593,0.255045,0.505721,0.535708,-0.055952,0.507267,0.535708,0.255045,0.507267,0.533558,-0.055952,0.508417,0.533558,0.255045,0.508417,0.531224,-0.055952,0.509125,0.531224,0.255045,0.509125,0.528797,-0.055952,0.509364,0.528797,0.255045,0.509364,0.526371,-0.055952,0.509125,0.526371,0.255045,0.509125,0.524037,-0.055952,0.508417,0.524037,0.255045,0.508417,0.521887,-0.055952,0.507267,0.521887,0.255045,0.507267,0.520002,-0.055952,0.505721,0.520002,0.255045,0.505721,0.518455,-0.055952,0.503836,0.518455,0.255045,0.503836,0.517305,-0.055952,0.501685,0.517305,0.255045,0.501685,0.516598,-0.055952,0.499352,0.516598,0.255045,0.499352,0.516358,-0.055952,0.496925,0.516358,0.255045,0.496925,0.516598,-0.055952,0.494498,0.516598,0.255045,0.494498,0.517305,-0.055952,0.492165,0.517305,0.255045,0.492165,0.518455,-0.055952,0.490014,0.518455,0.255045,0.490014,0.520002,-0.055952,0.488129,0.520002,0.255045,0.488129,0.521887,-0.055952,0.486582,0.521887,0.255045,0.486582,0.524037,-0.055952,0.485433,0.524037,0.255045,0.485433,0.526371,-0.055952,0.484725,0.526371,0.255045,0.484725,0.531224,0.955076,0.484725,0.528797,0.955076,0.484486,0.533558,0.955076,0.485433,0.535708,0.955076,0.486582,0.537593,0.955076,0.488129,0.53914,0.955076,0.490014,0.540289,0.955076,0.492165,0.540997,0.955076,0.494498,0.541236,0.955076,0.496925,0.540997,0.955076,0.499352,0.540289,0.955076,0.501685,0.53914,0.955076,0.503836,0.537593,0.955076,0.505721,0.535708,0.955076,0.507267,0.533558,0.955076,0.508417,0.531224,0.955076,0.509125,0.528797,0.955076,0.509364,0.526371,0.955076,0.509125,0.524037,0.955076,0.508417,0.521887,0.955076,0.507267,0.520002,0.955076,0.50572,0.518455,0.955076,0.503836,0.517305,0.955076,0.501685,0.516598,0.955076,0.499352,0.516358,0.955076,0.496925,0.516598,0.955076,0.494498,0.517305,0.955076,0.492165,0.518455,0.955076,0.490014,0.520002,0.955076,0.488129,0.521887,0.955076,0.486582,0.524037,0.955076,0.485433,0.526371,0.955076,0.484725],
    "name": "Circle.001Geometry.1",
    "materials": [{
        "shading": "phong",
        "blending": "NormalBlending",
        "DbgIndex": 0,
        "DbgName": "tige",
        "specularCoef": 50,
        "colorSpecular": [0.5,0.5,0.5],
        "depthTest": true,
        "opacity": 1,
        "wireframe": false,
        "DbgColor": 15658734,
        "depthWrite": true,
        "visible": true,
        "transparent": false,
        "colorEmissive": [0,0,0],
        "colorDiffuse": [0.203322,0.002677,0.011555]
    }],